{"cameraMode":{"drawMode":0,"name":"Shaded","section":"Shading Mode"},"sceneLighting":true,"audioPlay":false,"sceneViewState":{"showFog":true,"showMaterialUpdate":false,"showSkybox":true,"showFlares":true,"showImageEffects":true,"showParticleSystems":true},"in2DMode":false,"pivot":{"x":-182.73300170898438,"y":-122.49115753173828,"z":-166.73233032226563},"rotation":{"x":-0.0917966216802597,"y":0.8903872966766357,"z":-0.206889346241951,"w":-0.3950238823890686},"size":143.0848388671875,"orthographic":false}