{"cameraMode":{"drawMode":0,"name":"Shaded","section":"Shading Mode"},"sceneLighting":true,"audioPlay":false,"sceneViewState":{"showFog":true,"showMaterialUpdate":false,"showSkybox":true,"showFlares":true,"showImageEffects":true,"showParticleSystems":true},"in2DMode":false,"pivot":{"x":-112.70877838134766,"y":-71.53581237792969,"z":-240.10629272460938},"rotation":{"x":-0.030430015176534654,"y":0.9649738669395447,"z":-0.12989924848079682,"w":-0.22600872814655305},"size":145.3992156982422,"orthographic":false}