{"cameraMode":{"drawMode":0,"name":"Shaded","section":"Shading Mode"},"sceneLighting":true,"audioPlay":false,"sceneViewState":{"showFog":true,"showMaterialUpdate":false,"showSkybox":true,"showFlares":true,"showImageEffects":true,"showParticleSystems":true},"in2DMode":false,"pivot":{"x":-213.73397827148438,"y":-163.25875854492188,"z":-66.17546844482422},"rotation":{"x":-0.1810687929391861,"y":0.7673338651657105,"z":-0.24648158252239228,"w":-0.5636744499206543},"size":143.0848388671875,"orthographic":false}