{"cameraMode":{"drawMode":0,"name":"Shaded","section":"Shading Mode"},"sceneLighting":true,"audioPlay":false,"sceneViewState":{"showFog":true,"showMaterialUpdate":false,"showSkybox":true,"showFlares":true,"showImageEffects":true,"showParticleSystems":true},"in2DMode":false,"pivot":{"x":610.02685546875,"y":317.0,"z":-2.5900001525878908},"rotation":{"x":0.008237850852310658,"y":-0.3171904385089874,"z":-0.0027635921724140646,"w":-0.9483461976051331},"size":693.6508178710938,"orthographic":false}