{"cameraMode":{"drawMode":0,"name":"Shaded","section":"Shading Mode"},"sceneLighting":false,"audioPlay":false,"sceneViewState":{"showFog":true,"showMaterialUpdate":false,"showSkybox":false,"showFlares":true,"showImageEffects":true,"showParticleSystems":true},"in2DMode":false,"pivot":{"x":7.999016284942627,"y":0.18175376951694489,"z":2.041386604309082},"rotation":{"x":0.05827714502811432,"y":-0.6643563508987427,"z":0.05219840258359909,"w":0.7433887720108032},"size":0.5153881907463074,"orthographic":false}